--
-- PostgreSQL database dump
--

-- Dumped from database version 16.8 (Ubuntu 16.8-1.pgdg24.04+1)
-- Dumped by pg_dump version 16.8 (Ubuntu 16.8-1.pgdg24.04+1)

SET statement_timeout = 0;
SET lock_timeout = 0;
SET idle_in_transaction_session_timeout = 0;
SET client_encoding = 'UTF8';
SET standard_conforming_strings = on;
SELECT pg_catalog.set_config('search_path', '', false);
SET check_function_bodies = false;
SET xmloption = content;
SET client_min_messages = warning;
SET row_security = off;

SET default_tablespace = '';

SET default_table_access_method = heap;

--
-- Name: auth_group; Type: TABLE; Schema: public; Owner: postgres
--

CREATE TABLE public.auth_group (
    id integer NOT NULL,
    name character varying(150) NOT NULL
);


ALTER TABLE public.auth_group OWNER TO postgres;

--
-- Name: auth_group_id_seq; Type: SEQUENCE; Schema: public; Owner: postgres
--

ALTER TABLE public.auth_group ALTER COLUMN id ADD GENERATED BY DEFAULT AS IDENTITY (
    SEQUENCE NAME public.auth_group_id_seq
    START WITH 1
    INCREMENT BY 1
    NO MINVALUE
    NO MAXVALUE
    CACHE 1
);


--
-- Name: auth_group_permissions; Type: TABLE; Schema: public; Owner: postgres
--

CREATE TABLE public.auth_group_permissions (
    id bigint NOT NULL,
    group_id integer NOT NULL,
    permission_id integer NOT NULL
);


ALTER TABLE public.auth_group_permissions OWNER TO postgres;

--
-- Name: auth_group_permissions_id_seq; Type: SEQUENCE; Schema: public; Owner: postgres
--

ALTER TABLE public.auth_group_permissions ALTER COLUMN id ADD GENERATED BY DEFAULT AS IDENTITY (
    SEQUENCE NAME public.auth_group_permissions_id_seq
    START WITH 1
    INCREMENT BY 1
    NO MINVALUE
    NO MAXVALUE
    CACHE 1
);


--
-- Name: auth_permission; Type: TABLE; Schema: public; Owner: postgres
--

CREATE TABLE public.auth_permission (
    id integer NOT NULL,
    name character varying(255) NOT NULL,
    content_type_id integer NOT NULL,
    codename character varying(100) NOT NULL
);


ALTER TABLE public.auth_permission OWNER TO postgres;

--
-- Name: auth_permission_id_seq; Type: SEQUENCE; Schema: public; Owner: postgres
--

ALTER TABLE public.auth_permission ALTER COLUMN id ADD GENERATED BY DEFAULT AS IDENTITY (
    SEQUENCE NAME public.auth_permission_id_seq
    START WITH 1
    INCREMENT BY 1
    NO MINVALUE
    NO MAXVALUE
    CACHE 1
);


--
-- Name: auth_user; Type: TABLE; Schema: public; Owner: postgres
--

CREATE TABLE public.auth_user (
    id integer NOT NULL,
    password character varying(128) NOT NULL,
    last_login timestamp with time zone,
    is_superuser boolean NOT NULL,
    username character varying(150) NOT NULL,
    first_name character varying(150) NOT NULL,
    last_name character varying(150) NOT NULL,
    email character varying(254) NOT NULL,
    is_staff boolean NOT NULL,
    is_active boolean NOT NULL,
    date_joined timestamp with time zone NOT NULL
);


ALTER TABLE public.auth_user OWNER TO postgres;

--
-- Name: auth_user_groups; Type: TABLE; Schema: public; Owner: postgres
--

CREATE TABLE public.auth_user_groups (
    id bigint NOT NULL,
    user_id integer NOT NULL,
    group_id integer NOT NULL
);


ALTER TABLE public.auth_user_groups OWNER TO postgres;

--
-- Name: auth_user_groups_id_seq; Type: SEQUENCE; Schema: public; Owner: postgres
--

ALTER TABLE public.auth_user_groups ALTER COLUMN id ADD GENERATED BY DEFAULT AS IDENTITY (
    SEQUENCE NAME public.auth_user_groups_id_seq
    START WITH 1
    INCREMENT BY 1
    NO MINVALUE
    NO MAXVALUE
    CACHE 1
);


--
-- Name: auth_user_id_seq; Type: SEQUENCE; Schema: public; Owner: postgres
--

ALTER TABLE public.auth_user ALTER COLUMN id ADD GENERATED BY DEFAULT AS IDENTITY (
    SEQUENCE NAME public.auth_user_id_seq
    START WITH 1
    INCREMENT BY 1
    NO MINVALUE
    NO MAXVALUE
    CACHE 1
);


--
-- Name: auth_user_user_permissions; Type: TABLE; Schema: public; Owner: postgres
--

CREATE TABLE public.auth_user_user_permissions (
    id bigint NOT NULL,
    user_id integer NOT NULL,
    permission_id integer NOT NULL
);


ALTER TABLE public.auth_user_user_permissions OWNER TO postgres;

--
-- Name: auth_user_user_permissions_id_seq; Type: SEQUENCE; Schema: public; Owner: postgres
--

ALTER TABLE public.auth_user_user_permissions ALTER COLUMN id ADD GENERATED BY DEFAULT AS IDENTITY (
    SEQUENCE NAME public.auth_user_user_permissions_id_seq
    START WITH 1
    INCREMENT BY 1
    NO MINVALUE
    NO MAXVALUE
    CACHE 1
);


--
-- Name: django_admin_log; Type: TABLE; Schema: public; Owner: postgres
--

CREATE TABLE public.django_admin_log (
    id integer NOT NULL,
    action_time timestamp with time zone NOT NULL,
    object_id text,
    object_repr character varying(200) NOT NULL,
    action_flag smallint NOT NULL,
    change_message text NOT NULL,
    content_type_id integer,
    user_id integer NOT NULL,
    CONSTRAINT django_admin_log_action_flag_check CHECK ((action_flag >= 0))
);


ALTER TABLE public.django_admin_log OWNER TO postgres;

--
-- Name: django_admin_log_id_seq; Type: SEQUENCE; Schema: public; Owner: postgres
--

ALTER TABLE public.django_admin_log ALTER COLUMN id ADD GENERATED BY DEFAULT AS IDENTITY (
    SEQUENCE NAME public.django_admin_log_id_seq
    START WITH 1
    INCREMENT BY 1
    NO MINVALUE
    NO MAXVALUE
    CACHE 1
);


--
-- Name: django_content_type; Type: TABLE; Schema: public; Owner: postgres
--

CREATE TABLE public.django_content_type (
    id integer NOT NULL,
    app_label character varying(100) NOT NULL,
    model character varying(100) NOT NULL
);


ALTER TABLE public.django_content_type OWNER TO postgres;

--
-- Name: django_content_type_id_seq; Type: SEQUENCE; Schema: public; Owner: postgres
--

ALTER TABLE public.django_content_type ALTER COLUMN id ADD GENERATED BY DEFAULT AS IDENTITY (
    SEQUENCE NAME public.django_content_type_id_seq
    START WITH 1
    INCREMENT BY 1
    NO MINVALUE
    NO MAXVALUE
    CACHE 1
);


--
-- Name: django_migrations; Type: TABLE; Schema: public; Owner: postgres
--

CREATE TABLE public.django_migrations (
    id bigint NOT NULL,
    app character varying(255) NOT NULL,
    name character varying(255) NOT NULL,
    applied timestamp with time zone NOT NULL
);


ALTER TABLE public.django_migrations OWNER TO postgres;

--
-- Name: django_migrations_id_seq; Type: SEQUENCE; Schema: public; Owner: postgres
--

ALTER TABLE public.django_migrations ALTER COLUMN id ADD GENERATED BY DEFAULT AS IDENTITY (
    SEQUENCE NAME public.django_migrations_id_seq
    START WITH 1
    INCREMENT BY 1
    NO MINVALUE
    NO MAXVALUE
    CACHE 1
);


--
-- Name: django_session; Type: TABLE; Schema: public; Owner: postgres
--

CREATE TABLE public.django_session (
    session_key character varying(40) NOT NULL,
    session_data text NOT NULL,
    expire_date timestamp with time zone NOT NULL
);


ALTER TABLE public.django_session OWNER TO postgres;

--
-- Name: food_track_cargo; Type: TABLE; Schema: public; Owner: postgres
--

CREATE TABLE public.food_track_cargo (
    id bigint NOT NULL,
    unique_id uuid NOT NULL,
    total_products_quantity integer NOT NULL,
    mission_id bigint NOT NULL,
    CONSTRAINT food_track_cargo_total_products_quantity_check CHECK ((total_products_quantity >= 0))
);


ALTER TABLE public.food_track_cargo OWNER TO postgres;

--
-- Name: food_track_cargo_id_seq; Type: SEQUENCE; Schema: public; Owner: postgres
--

ALTER TABLE public.food_track_cargo ALTER COLUMN id ADD GENERATED BY DEFAULT AS IDENTITY (
    SEQUENCE NAME public.food_track_cargo_id_seq
    START WITH 1
    INCREMENT BY 1
    NO MINVALUE
    NO MAXVALUE
    CACHE 1
);


--
-- Name: food_track_cargoitems; Type: TABLE; Schema: public; Owner: postgres
--

CREATE TABLE public.food_track_cargoitems (
    id bigint NOT NULL,
    unique_id uuid NOT NULL,
    quantity integer NOT NULL,
    cargo_id bigint NOT NULL,
    product_id bigint NOT NULL,
    CONSTRAINT food_track_cargoitems_quantity_check CHECK ((quantity >= 0))
);


ALTER TABLE public.food_track_cargoitems OWNER TO postgres;

--
-- Name: food_track_cargoitems_id_seq; Type: SEQUENCE; Schema: public; Owner: postgres
--

ALTER TABLE public.food_track_cargoitems ALTER COLUMN id ADD GENERATED BY DEFAULT AS IDENTITY (
    SEQUENCE NAME public.food_track_cargoitems_id_seq
    START WITH 1
    INCREMENT BY 1
    NO MINVALUE
    NO MAXVALUE
    CACHE 1
);


--
-- Name: food_track_contact; Type: TABLE; Schema: public; Owner: postgres
--

CREATE TABLE public.food_track_contact (
    id bigint NOT NULL,
    contact_id uuid NOT NULL,
    first_name character varying(255) NOT NULL,
    last_name character varying(255) NOT NULL,
    phone_number character varying(20) NOT NULL,
    email character varying(254) NOT NULL,
    address text NOT NULL,
    city character varying(100) NOT NULL,
    country character varying(100) NOT NULL,
    vendor_id bigint NOT NULL
);


ALTER TABLE public.food_track_contact OWNER TO postgres;

--
-- Name: food_track_contact_id_seq; Type: SEQUENCE; Schema: public; Owner: postgres
--

ALTER TABLE public.food_track_contact ALTER COLUMN id ADD GENERATED BY DEFAULT AS IDENTITY (
    SEQUENCE NAME public.food_track_contact_id_seq
    START WITH 1
    INCREMENT BY 1
    NO MINVALUE
    NO MAXVALUE
    CACHE 1
);


--
-- Name: food_track_documentsandagreements; Type: TABLE; Schema: public; Owner: postgres
--

CREATE TABLE public.food_track_documentsandagreements (
    id bigint NOT NULL,
    unique_id uuid NOT NULL,
    document character varying(100) NOT NULL,
    vendor_id bigint NOT NULL
);


ALTER TABLE public.food_track_documentsandagreements OWNER TO postgres;

--
-- Name: food_track_documentsandagreements_id_seq; Type: SEQUENCE; Schema: public; Owner: postgres
--

ALTER TABLE public.food_track_documentsandagreements ALTER COLUMN id ADD GENERATED BY DEFAULT AS IDENTITY (
    SEQUENCE NAME public.food_track_documentsandagreements_id_seq
    START WITH 1
    INCREMENT BY 1
    NO MINVALUE
    NO MAXVALUE
    CACHE 1
);


--
-- Name: food_track_driver; Type: TABLE; Schema: public; Owner: postgres
--

CREATE TABLE public.food_track_driver (
    id bigint NOT NULL,
    unique_id uuid NOT NULL,
    first_name character varying(255) NOT NULL,
    last_name character varying(255) NOT NULL,
    email character varying(254) NOT NULL,
    phone_number character varying(20) NOT NULL,
    vendor_id bigint NOT NULL
);


ALTER TABLE public.food_track_driver OWNER TO postgres;

--
-- Name: food_track_driver_id_seq; Type: SEQUENCE; Schema: public; Owner: postgres
--

ALTER TABLE public.food_track_driver ALTER COLUMN id ADD GENERATED BY DEFAULT AS IDENTITY (
    SEQUENCE NAME public.food_track_driver_id_seq
    START WITH 1
    INCREMENT BY 1
    NO MINVALUE
    NO MAXVALUE
    CACHE 1
);


--
-- Name: food_track_mission; Type: TABLE; Schema: public; Owner: postgres
--

CREATE TABLE public.food_track_mission (
    id bigint NOT NULL,
    mission_id uuid NOT NULL,
    title character varying(255) NOT NULL,
    type character varying(20) NOT NULL,
    number_of_beneficiaries integer NOT NULL,
    description text NOT NULL,
    dept_location character varying(255) NOT NULL,
    destination_location character varying(255) NOT NULL,
    start_date date NOT NULL,
    end_date date NOT NULL,
    status character varying(50) NOT NULL,
    CONSTRAINT food_track_mission_number_of_beneficiaries_check CHECK ((number_of_beneficiaries >= 0))
);


ALTER TABLE public.food_track_mission OWNER TO postgres;

--
-- Name: food_track_mission_id_seq; Type: SEQUENCE; Schema: public; Owner: postgres
--

ALTER TABLE public.food_track_mission ALTER COLUMN id ADD GENERATED BY DEFAULT AS IDENTITY (
    SEQUENCE NAME public.food_track_mission_id_seq
    START WITH 1
    INCREMENT BY 1
    NO MINVALUE
    NO MAXVALUE
    CACHE 1
);


--
-- Name: food_track_operationregion; Type: TABLE; Schema: public; Owner: postgres
--

CREATE TABLE public.food_track_operationregion (
    id bigint NOT NULL,
    unique_id uuid NOT NULL,
    region_id bigint NOT NULL,
    vendor_id bigint NOT NULL
);


ALTER TABLE public.food_track_operationregion OWNER TO postgres;

--
-- Name: food_track_operationregion_id_seq; Type: SEQUENCE; Schema: public; Owner: postgres
--

ALTER TABLE public.food_track_operationregion ALTER COLUMN id ADD GENERATED BY DEFAULT AS IDENTITY (
    SEQUENCE NAME public.food_track_operationregion_id_seq
    START WITH 1
    INCREMENT BY 1
    NO MINVALUE
    NO MAXVALUE
    CACHE 1
);


--
-- Name: food_track_product; Type: TABLE; Schema: public; Owner: postgres
--

CREATE TABLE public.food_track_product (
    id bigint NOT NULL,
    unique_id uuid NOT NULL,
    name character varying(255) NOT NULL,
    quantity integer NOT NULL,
    CONSTRAINT food_track_product_quantity_check CHECK ((quantity >= 0))
);


ALTER TABLE public.food_track_product OWNER TO postgres;

--
-- Name: food_track_product_id_seq; Type: SEQUENCE; Schema: public; Owner: postgres
--

ALTER TABLE public.food_track_product ALTER COLUMN id ADD GENERATED BY DEFAULT AS IDENTITY (
    SEQUENCE NAME public.food_track_product_id_seq
    START WITH 1
    INCREMENT BY 1
    NO MINVALUE
    NO MAXVALUE
    CACHE 1
);


--
-- Name: food_track_region; Type: TABLE; Schema: public; Owner: postgres
--

CREATE TABLE public.food_track_region (
    id bigint NOT NULL,
    unique_id uuid NOT NULL,
    region_name character varying(255) NOT NULL
);


ALTER TABLE public.food_track_region OWNER TO postgres;

--
-- Name: food_track_region_id_seq; Type: SEQUENCE; Schema: public; Owner: postgres
--

ALTER TABLE public.food_track_region ALTER COLUMN id ADD GENERATED BY DEFAULT AS IDENTITY (
    SEQUENCE NAME public.food_track_region_id_seq
    START WITH 1
    INCREMENT BY 1
    NO MINVALUE
    NO MAXVALUE
    CACHE 1
);


--
-- Name: food_track_truck; Type: TABLE; Schema: public; Owner: postgres
--

CREATE TABLE public.food_track_truck (
    id bigint NOT NULL,
    unique_id uuid NOT NULL,
    vehicle_name character varying(255) NOT NULL,
    status character varying(50) NOT NULL,
    vendor_id bigint NOT NULL
);


ALTER TABLE public.food_track_truck OWNER TO postgres;

--
-- Name: food_track_truck_id_seq; Type: SEQUENCE; Schema: public; Owner: postgres
--

ALTER TABLE public.food_track_truck ALTER COLUMN id ADD GENERATED BY DEFAULT AS IDENTITY (
    SEQUENCE NAME public.food_track_truck_id_seq
    START WITH 1
    INCREMENT BY 1
    NO MINVALUE
    NO MAXVALUE
    CACHE 1
);


--
-- Name: food_track_trucksformission; Type: TABLE; Schema: public; Owner: postgres
--

CREATE TABLE public.food_track_trucksformission (
    id bigint NOT NULL,
    unique_id uuid NOT NULL,
    mission_id bigint NOT NULL,
    truck_id bigint NOT NULL
);


ALTER TABLE public.food_track_trucksformission OWNER TO postgres;

--
-- Name: food_track_trucksformission_id_seq; Type: SEQUENCE; Schema: public; Owner: postgres
--

ALTER TABLE public.food_track_trucksformission ALTER COLUMN id ADD GENERATED BY DEFAULT AS IDENTITY (
    SEQUENCE NAME public.food_track_trucksformission_id_seq
    START WITH 1
    INCREMENT BY 1
    NO MINVALUE
    NO MAXVALUE
    CACHE 1
);


--
-- Name: food_track_vendor; Type: TABLE; Schema: public; Owner: postgres
--

CREATE TABLE public.food_track_vendor (
    id bigint NOT NULL,
    unique_id uuid NOT NULL,
    name character varying(255) NOT NULL,
    reg_no character varying(255) NOT NULL,
    vendor_type character varying(50) NOT NULL,
    fleet_size integer NOT NULL,
    description text NOT NULL,
    status character varying(10) NOT NULL
);


ALTER TABLE public.food_track_vendor OWNER TO postgres;

--
-- Name: food_track_vendor_id_seq; Type: SEQUENCE; Schema: public; Owner: postgres
--

ALTER TABLE public.food_track_vendor ALTER COLUMN id ADD GENERATED BY DEFAULT AS IDENTITY (
    SEQUENCE NAME public.food_track_vendor_id_seq
    START WITH 1
    INCREMENT BY 1
    NO MINVALUE
    NO MAXVALUE
    CACHE 1
);


--
-- Name: food_track_vendormission; Type: TABLE; Schema: public; Owner: postgres
--

CREATE TABLE public.food_track_vendormission (
    id bigint NOT NULL,
    unique_id uuid NOT NULL,
    driver_id bigint NOT NULL,
    mission_id bigint NOT NULL,
    vendor_id bigint NOT NULL
);


ALTER TABLE public.food_track_vendormission OWNER TO postgres;

--
-- Name: food_track_vendormission_id_seq; Type: SEQUENCE; Schema: public; Owner: postgres
--

ALTER TABLE public.food_track_vendormission ALTER COLUMN id ADD GENERATED BY DEFAULT AS IDENTITY (
    SEQUENCE NAME public.food_track_vendormission_id_seq
    START WITH 1
    INCREMENT BY 1
    NO MINVALUE
    NO MAXVALUE
    CACHE 1
);


--
-- Data for Name: auth_group; Type: TABLE DATA; Schema: public; Owner: postgres
--

COPY public.auth_group (id, name) FROM stdin;
\.


--
-- Data for Name: auth_group_permissions; Type: TABLE DATA; Schema: public; Owner: postgres
--

COPY public.auth_group_permissions (id, group_id, permission_id) FROM stdin;
\.


--
-- Data for Name: auth_permission; Type: TABLE DATA; Schema: public; Owner: postgres
--

COPY public.auth_permission (id, name, content_type_id, codename) FROM stdin;
1	Can add log entry	1	add_logentry
2	Can change log entry	1	change_logentry
3	Can delete log entry	1	delete_logentry
4	Can view log entry	1	view_logentry
5	Can add permission	2	add_permission
6	Can change permission	2	change_permission
7	Can delete permission	2	delete_permission
8	Can view permission	2	view_permission
9	Can add group	3	add_group
10	Can change group	3	change_group
11	Can delete group	3	delete_group
12	Can view group	3	view_group
13	Can add user	4	add_user
14	Can change user	4	change_user
15	Can delete user	4	delete_user
16	Can view user	4	view_user
17	Can add content type	5	add_contenttype
18	Can change content type	5	change_contenttype
19	Can delete content type	5	delete_contenttype
20	Can view content type	5	view_contenttype
21	Can add session	6	add_session
22	Can change session	6	change_session
23	Can delete session	6	delete_session
24	Can view session	6	view_session
25	Can add mission	7	add_mission
26	Can change mission	7	change_mission
27	Can delete mission	7	delete_mission
28	Can view mission	7	view_mission
29	Can add product	8	add_product
30	Can change product	8	change_product
31	Can delete product	8	delete_product
32	Can view product	8	view_product
33	Can add region	9	add_region
34	Can change region	9	change_region
35	Can delete region	9	delete_region
36	Can view region	9	view_region
37	Can add truck	10	add_truck
38	Can change truck	10	change_truck
39	Can delete truck	10	delete_truck
40	Can view truck	10	view_truck
41	Can add vendor	11	add_vendor
42	Can change vendor	11	change_vendor
43	Can delete vendor	11	delete_vendor
44	Can view vendor	11	view_vendor
45	Can add cargo	12	add_cargo
46	Can change cargo	12	change_cargo
47	Can delete cargo	12	delete_cargo
48	Can view cargo	12	view_cargo
49	Can add cargo items	13	add_cargoitems
50	Can change cargo items	13	change_cargoitems
51	Can delete cargo items	13	delete_cargoitems
52	Can view cargo items	13	view_cargoitems
53	Can add trucks for mission	14	add_trucksformission
54	Can change trucks for mission	14	change_trucksformission
55	Can delete trucks for mission	14	delete_trucksformission
56	Can view trucks for mission	14	view_trucksformission
57	Can add operation region	15	add_operationregion
58	Can change operation region	15	change_operationregion
59	Can delete operation region	15	delete_operationregion
60	Can view operation region	15	view_operationregion
61	Can add driver	16	add_driver
62	Can change driver	16	change_driver
63	Can delete driver	16	delete_driver
64	Can view driver	16	view_driver
65	Can add documents and agreements	17	add_documentsandagreements
66	Can change documents and agreements	17	change_documentsandagreements
67	Can delete documents and agreements	17	delete_documentsandagreements
68	Can view documents and agreements	17	view_documentsandagreements
69	Can add contact	18	add_contact
70	Can change contact	18	change_contact
71	Can delete contact	18	delete_contact
72	Can view contact	18	view_contact
73	Can add vendor mission	19	add_vendormission
74	Can change vendor mission	19	change_vendormission
75	Can delete vendor mission	19	delete_vendormission
76	Can view vendor mission	19	view_vendormission
\.


--
-- Data for Name: auth_user; Type: TABLE DATA; Schema: public; Owner: postgres
--

COPY public.auth_user (id, password, last_login, is_superuser, username, first_name, last_name, email, is_staff, is_active, date_joined) FROM stdin;
\.


--
-- Data for Name: auth_user_groups; Type: TABLE DATA; Schema: public; Owner: postgres
--

COPY public.auth_user_groups (id, user_id, group_id) FROM stdin;
\.


--
-- Data for Name: auth_user_user_permissions; Type: TABLE DATA; Schema: public; Owner: postgres
--

COPY public.auth_user_user_permissions (id, user_id, permission_id) FROM stdin;
\.


--
-- Data for Name: django_admin_log; Type: TABLE DATA; Schema: public; Owner: postgres
--

COPY public.django_admin_log (id, action_time, object_id, object_repr, action_flag, change_message, content_type_id, user_id) FROM stdin;
\.


--
-- Data for Name: django_content_type; Type: TABLE DATA; Schema: public; Owner: postgres
--

COPY public.django_content_type (id, app_label, model) FROM stdin;
1	admin	logentry
2	auth	permission
3	auth	group
4	auth	user
5	contenttypes	contenttype
6	sessions	session
7	food_track	mission
8	food_track	product
9	food_track	region
10	food_track	truck
11	food_track	vendor
12	food_track	cargo
13	food_track	cargoitems
14	food_track	trucksformission
15	food_track	operationregion
16	food_track	driver
17	food_track	documentsandagreements
18	food_track	contact
19	food_track	vendormission
\.


--
-- Data for Name: django_migrations; Type: TABLE DATA; Schema: public; Owner: postgres
--

COPY public.django_migrations (id, app, name, applied) FROM stdin;
1	contenttypes	0001_initial	2025-03-23 15:27:19.563049+03
2	auth	0001_initial	2025-03-23 15:27:19.70225+03
3	admin	0001_initial	2025-03-23 15:27:19.732869+03
4	admin	0002_logentry_remove_auto_add	2025-03-23 15:27:19.73963+03
5	admin	0003_logentry_add_action_flag_choices	2025-03-23 15:27:19.753913+03
6	contenttypes	0002_remove_content_type_name	2025-03-23 15:27:19.778947+03
7	auth	0002_alter_permission_name_max_length	2025-03-23 15:27:19.788249+03
8	auth	0003_alter_user_email_max_length	2025-03-23 15:27:19.796766+03
9	auth	0004_alter_user_username_opts	2025-03-23 15:27:19.80507+03
10	auth	0005_alter_user_last_login_null	2025-03-23 15:27:19.822394+03
11	auth	0006_require_contenttypes_0002	2025-03-23 15:27:19.828553+03
12	auth	0007_alter_validators_add_error_messages	2025-03-23 15:27:19.842678+03
13	auth	0008_alter_user_username_max_length	2025-03-23 15:27:19.863565+03
14	auth	0009_alter_user_last_name_max_length	2025-03-23 15:27:19.879626+03
15	auth	0010_alter_group_name_max_length	2025-03-23 15:27:19.893653+03
16	auth	0011_update_proxy_permissions	2025-03-23 15:27:19.906223+03
17	auth	0012_alter_user_first_name_max_length	2025-03-23 15:27:19.921181+03
18	food_track	0001_initial	2025-03-23 15:27:20.220213+03
19	sessions	0001_initial	2025-03-23 15:27:20.246389+03
20	food_track	0002_vendor_status_alter_mission_status	2025-03-23 15:40:02.905344+03
\.


--
-- Data for Name: django_session; Type: TABLE DATA; Schema: public; Owner: postgres
--

COPY public.django_session (session_key, session_data, expire_date) FROM stdin;
\.


--
-- Data for Name: food_track_cargo; Type: TABLE DATA; Schema: public; Owner: postgres
--

COPY public.food_track_cargo (id, unique_id, total_products_quantity, mission_id) FROM stdin;
1	2d693649-7244-47d8-9827-2a5eb13f9073	222	1
\.


--
-- Data for Name: food_track_cargoitems; Type: TABLE DATA; Schema: public; Owner: postgres
--

COPY public.food_track_cargoitems (id, unique_id, quantity, cargo_id, product_id) FROM stdin;
1	b84e47c2-0b51-4f08-8aee-cc69904c0d45	2	1	1
2	de48f9e2-c61d-4f85-9ca0-dc585169f86c	1	1	2
\.


--
-- Data for Name: food_track_contact; Type: TABLE DATA; Schema: public; Owner: postgres
--

COPY public.food_track_contact (id, contact_id, first_name, last_name, phone_number, email, address, city, country, vendor_id) FROM stdin;
1	4cbd76cb-3c85-495c-86ba-20df0859f808	Nuh	Buhero	0676855433	nuhusaidi@gmail.com	Kuntgt 28\r\nMaagano Street	Dar es salaam	Tanzania	1
\.


--
-- Data for Name: food_track_documentsandagreements; Type: TABLE DATA; Schema: public; Owner: postgres
--

COPY public.food_track_documentsandagreements (id, unique_id, document, vendor_id) FROM stdin;
\.


--
-- Data for Name: food_track_driver; Type: TABLE DATA; Schema: public; Owner: postgres
--

COPY public.food_track_driver (id, unique_id, first_name, last_name, email, phone_number, vendor_id) FROM stdin;
1	9dd2f28c-a937-48f5-b076-5055ce91e505	Nuh	Buhero	nuhusaidi@gmail.com	0676855433	1
\.


--
-- Data for Name: food_track_mission; Type: TABLE DATA; Schema: public; Owner: postgres
--

COPY public.food_track_mission (id, mission_id, title, type, number_of_beneficiaries, description, dept_location, destination_location, start_date, end_date, status) FROM stdin;
1	f3d4c2b0-0649-47f0-ba95-7ad4af065e23	kupeleka misosi	specialized_delivery	12222	sfa	asf	sfa	2025-03-11	2025-04-03	asa
\.


--
-- Data for Name: food_track_operationregion; Type: TABLE DATA; Schema: public; Owner: postgres
--

COPY public.food_track_operationregion (id, unique_id, region_id, vendor_id) FROM stdin;
\.


--
-- Data for Name: food_track_product; Type: TABLE DATA; Schema: public; Owner: postgres
--

COPY public.food_track_product (id, unique_id, name, quantity) FROM stdin;
1	fc01aeb5-62ed-4e29-8c5e-a96ed7a12111	water	11
2	f8e6df15-9273-4b2d-9b6f-6cac4b711100	canned foods	11
\.


--
-- Data for Name: food_track_region; Type: TABLE DATA; Schema: public; Owner: postgres
--

COPY public.food_track_region (id, unique_id, region_name) FROM stdin;
\.


--
-- Data for Name: food_track_truck; Type: TABLE DATA; Schema: public; Owner: postgres
--

COPY public.food_track_truck (id, unique_id, vehicle_name, status, vendor_id) FROM stdin;
1	e0c52548-276d-46fc-b4d9-81d171b8526f	toyota truck	saa	1
\.


--
-- Data for Name: food_track_trucksformission; Type: TABLE DATA; Schema: public; Owner: postgres
--

COPY public.food_track_trucksformission (id, unique_id, mission_id, truck_id) FROM stdin;
\.


--
-- Data for Name: food_track_vendor; Type: TABLE DATA; Schema: public; Owner: postgres
--

COPY public.food_track_vendor (id, unique_id, name, reg_no, vendor_type, fleet_size, description, status) FROM stdin;
1	1d8922e3-3d58-4ac2-b4d8-8e643afc5ee7	pascod	T123	food_supplier	22	good	pending
2	6a398eaf-5d11-4e9f-8daf-cd48892d6954	lynx.ltd	T456	food_supplier	122222	sdsd	pending
\.


--
-- Data for Name: food_track_vendormission; Type: TABLE DATA; Schema: public; Owner: postgres
--

COPY public.food_track_vendormission (id, unique_id, driver_id, mission_id, vendor_id) FROM stdin;
\.


--
-- Name: auth_group_id_seq; Type: SEQUENCE SET; Schema: public; Owner: postgres
--

SELECT pg_catalog.setval('public.auth_group_id_seq', 1, false);


--
-- Name: auth_group_permissions_id_seq; Type: SEQUENCE SET; Schema: public; Owner: postgres
--

SELECT pg_catalog.setval('public.auth_group_permissions_id_seq', 1, false);


--
-- Name: auth_permission_id_seq; Type: SEQUENCE SET; Schema: public; Owner: postgres
--

SELECT pg_catalog.setval('public.auth_permission_id_seq', 76, true);


--
-- Name: auth_user_groups_id_seq; Type: SEQUENCE SET; Schema: public; Owner: postgres
--

SELECT pg_catalog.setval('public.auth_user_groups_id_seq', 1, false);


--
-- Name: auth_user_id_seq; Type: SEQUENCE SET; Schema: public; Owner: postgres
--

SELECT pg_catalog.setval('public.auth_user_id_seq', 1, false);


--
-- Name: auth_user_user_permissions_id_seq; Type: SEQUENCE SET; Schema: public; Owner: postgres
--

SELECT pg_catalog.setval('public.auth_user_user_permissions_id_seq', 1, false);


--
-- Name: django_admin_log_id_seq; Type: SEQUENCE SET; Schema: public; Owner: postgres
--

SELECT pg_catalog.setval('public.django_admin_log_id_seq', 1, false);


--
-- Name: django_content_type_id_seq; Type: SEQUENCE SET; Schema: public; Owner: postgres
--

SELECT pg_catalog.setval('public.django_content_type_id_seq', 19, true);


--
-- Name: django_migrations_id_seq; Type: SEQUENCE SET; Schema: public; Owner: postgres
--

SELECT pg_catalog.setval('public.django_migrations_id_seq', 20, true);


--
-- Name: food_track_cargo_id_seq; Type: SEQUENCE SET; Schema: public; Owner: postgres
--

SELECT pg_catalog.setval('public.food_track_cargo_id_seq', 1, true);


--
-- Name: food_track_cargoitems_id_seq; Type: SEQUENCE SET; Schema: public; Owner: postgres
--

SELECT pg_catalog.setval('public.food_track_cargoitems_id_seq', 2, true);


--
-- Name: food_track_contact_id_seq; Type: SEQUENCE SET; Schema: public; Owner: postgres
--

SELECT pg_catalog.setval('public.food_track_contact_id_seq', 1, true);


--
-- Name: food_track_documentsandagreements_id_seq; Type: SEQUENCE SET; Schema: public; Owner: postgres
--

SELECT pg_catalog.setval('public.food_track_documentsandagreements_id_seq', 1, false);


--
-- Name: food_track_driver_id_seq; Type: SEQUENCE SET; Schema: public; Owner: postgres
--

SELECT pg_catalog.setval('public.food_track_driver_id_seq', 1, true);


--
-- Name: food_track_mission_id_seq; Type: SEQUENCE SET; Schema: public; Owner: postgres
--

SELECT pg_catalog.setval('public.food_track_mission_id_seq', 1, true);


--
-- Name: food_track_operationregion_id_seq; Type: SEQUENCE SET; Schema: public; Owner: postgres
--

SELECT pg_catalog.setval('public.food_track_operationregion_id_seq', 1, false);


--
-- Name: food_track_product_id_seq; Type: SEQUENCE SET; Schema: public; Owner: postgres
--

SELECT pg_catalog.setval('public.food_track_product_id_seq', 2, true);


--
-- Name: food_track_region_id_seq; Type: SEQUENCE SET; Schema: public; Owner: postgres
--

SELECT pg_catalog.setval('public.food_track_region_id_seq', 1, false);


--
-- Name: food_track_truck_id_seq; Type: SEQUENCE SET; Schema: public; Owner: postgres
--

SELECT pg_catalog.setval('public.food_track_truck_id_seq', 1, true);


--
-- Name: food_track_trucksformission_id_seq; Type: SEQUENCE SET; Schema: public; Owner: postgres
--

SELECT pg_catalog.setval('public.food_track_trucksformission_id_seq', 1, false);


--
-- Name: food_track_vendor_id_seq; Type: SEQUENCE SET; Schema: public; Owner: postgres
--

SELECT pg_catalog.setval('public.food_track_vendor_id_seq', 2, true);


--
-- Name: food_track_vendormission_id_seq; Type: SEQUENCE SET; Schema: public; Owner: postgres
--

SELECT pg_catalog.setval('public.food_track_vendormission_id_seq', 1, false);


--
-- Name: auth_group auth_group_name_key; Type: CONSTRAINT; Schema: public; Owner: postgres
--

ALTER TABLE ONLY public.auth_group
    ADD CONSTRAINT auth_group_name_key UNIQUE (name);


--
-- Name: auth_group_permissions auth_group_permissions_group_id_permission_id_0cd325b0_uniq; Type: CONSTRAINT; Schema: public; Owner: postgres
--

ALTER TABLE ONLY public.auth_group_permissions
    ADD CONSTRAINT auth_group_permissions_group_id_permission_id_0cd325b0_uniq UNIQUE (group_id, permission_id);


--
-- Name: auth_group_permissions auth_group_permissions_pkey; Type: CONSTRAINT; Schema: public; Owner: postgres
--

ALTER TABLE ONLY public.auth_group_permissions
    ADD CONSTRAINT auth_group_permissions_pkey PRIMARY KEY (id);


--
-- Name: auth_group auth_group_pkey; Type: CONSTRAINT; Schema: public; Owner: postgres
--

ALTER TABLE ONLY public.auth_group
    ADD CONSTRAINT auth_group_pkey PRIMARY KEY (id);


--
-- Name: auth_permission auth_permission_content_type_id_codename_01ab375a_uniq; Type: CONSTRAINT; Schema: public; Owner: postgres
--

ALTER TABLE ONLY public.auth_permission
    ADD CONSTRAINT auth_permission_content_type_id_codename_01ab375a_uniq UNIQUE (content_type_id, codename);


--
-- Name: auth_permission auth_permission_pkey; Type: CONSTRAINT; Schema: public; Owner: postgres
--

ALTER TABLE ONLY public.auth_permission
    ADD CONSTRAINT auth_permission_pkey PRIMARY KEY (id);


--
-- Name: auth_user_groups auth_user_groups_pkey; Type: CONSTRAINT; Schema: public; Owner: postgres
--

ALTER TABLE ONLY public.auth_user_groups
    ADD CONSTRAINT auth_user_groups_pkey PRIMARY KEY (id);


--
-- Name: auth_user_groups auth_user_groups_user_id_group_id_94350c0c_uniq; Type: CONSTRAINT; Schema: public; Owner: postgres
--

ALTER TABLE ONLY public.auth_user_groups
    ADD CONSTRAINT auth_user_groups_user_id_group_id_94350c0c_uniq UNIQUE (user_id, group_id);


--
-- Name: auth_user auth_user_pkey; Type: CONSTRAINT; Schema: public; Owner: postgres
--

ALTER TABLE ONLY public.auth_user
    ADD CONSTRAINT auth_user_pkey PRIMARY KEY (id);


--
-- Name: auth_user_user_permissions auth_user_user_permissions_pkey; Type: CONSTRAINT; Schema: public; Owner: postgres
--

ALTER TABLE ONLY public.auth_user_user_permissions
    ADD CONSTRAINT auth_user_user_permissions_pkey PRIMARY KEY (id);


--
-- Name: auth_user_user_permissions auth_user_user_permissions_user_id_permission_id_14a6b632_uniq; Type: CONSTRAINT; Schema: public; Owner: postgres
--

ALTER TABLE ONLY public.auth_user_user_permissions
    ADD CONSTRAINT auth_user_user_permissions_user_id_permission_id_14a6b632_uniq UNIQUE (user_id, permission_id);


--
-- Name: auth_user auth_user_username_key; Type: CONSTRAINT; Schema: public; Owner: postgres
--

ALTER TABLE ONLY public.auth_user
    ADD CONSTRAINT auth_user_username_key UNIQUE (username);


--
-- Name: django_admin_log django_admin_log_pkey; Type: CONSTRAINT; Schema: public; Owner: postgres
--

ALTER TABLE ONLY public.django_admin_log
    ADD CONSTRAINT django_admin_log_pkey PRIMARY KEY (id);


--
-- Name: django_content_type django_content_type_app_label_model_76bd3d3b_uniq; Type: CONSTRAINT; Schema: public; Owner: postgres
--

ALTER TABLE ONLY public.django_content_type
    ADD CONSTRAINT django_content_type_app_label_model_76bd3d3b_uniq UNIQUE (app_label, model);


--
-- Name: django_content_type django_content_type_pkey; Type: CONSTRAINT; Schema: public; Owner: postgres
--

ALTER TABLE ONLY public.django_content_type
    ADD CONSTRAINT django_content_type_pkey PRIMARY KEY (id);


--
-- Name: django_migrations django_migrations_pkey; Type: CONSTRAINT; Schema: public; Owner: postgres
--

ALTER TABLE ONLY public.django_migrations
    ADD CONSTRAINT django_migrations_pkey PRIMARY KEY (id);


--
-- Name: django_session django_session_pkey; Type: CONSTRAINT; Schema: public; Owner: postgres
--

ALTER TABLE ONLY public.django_session
    ADD CONSTRAINT django_session_pkey PRIMARY KEY (session_key);


--
-- Name: food_track_cargo food_track_cargo_pkey; Type: CONSTRAINT; Schema: public; Owner: postgres
--

ALTER TABLE ONLY public.food_track_cargo
    ADD CONSTRAINT food_track_cargo_pkey PRIMARY KEY (id);


--
-- Name: food_track_cargo food_track_cargo_unique_id_key; Type: CONSTRAINT; Schema: public; Owner: postgres
--

ALTER TABLE ONLY public.food_track_cargo
    ADD CONSTRAINT food_track_cargo_unique_id_key UNIQUE (unique_id);


--
-- Name: food_track_cargoitems food_track_cargoitems_pkey; Type: CONSTRAINT; Schema: public; Owner: postgres
--

ALTER TABLE ONLY public.food_track_cargoitems
    ADD CONSTRAINT food_track_cargoitems_pkey PRIMARY KEY (id);


--
-- Name: food_track_cargoitems food_track_cargoitems_unique_id_key; Type: CONSTRAINT; Schema: public; Owner: postgres
--

ALTER TABLE ONLY public.food_track_cargoitems
    ADD CONSTRAINT food_track_cargoitems_unique_id_key UNIQUE (unique_id);


--
-- Name: food_track_contact food_track_contact_contact_id_key; Type: CONSTRAINT; Schema: public; Owner: postgres
--

ALTER TABLE ONLY public.food_track_contact
    ADD CONSTRAINT food_track_contact_contact_id_key UNIQUE (contact_id);


--
-- Name: food_track_contact food_track_contact_email_key; Type: CONSTRAINT; Schema: public; Owner: postgres
--

ALTER TABLE ONLY public.food_track_contact
    ADD CONSTRAINT food_track_contact_email_key UNIQUE (email);


--
-- Name: food_track_contact food_track_contact_phone_number_key; Type: CONSTRAINT; Schema: public; Owner: postgres
--

ALTER TABLE ONLY public.food_track_contact
    ADD CONSTRAINT food_track_contact_phone_number_key UNIQUE (phone_number);


--
-- Name: food_track_contact food_track_contact_pkey; Type: CONSTRAINT; Schema: public; Owner: postgres
--

ALTER TABLE ONLY public.food_track_contact
    ADD CONSTRAINT food_track_contact_pkey PRIMARY KEY (id);


--
-- Name: food_track_documentsandagreements food_track_documentsandagreements_pkey; Type: CONSTRAINT; Schema: public; Owner: postgres
--

ALTER TABLE ONLY public.food_track_documentsandagreements
    ADD CONSTRAINT food_track_documentsandagreements_pkey PRIMARY KEY (id);


--
-- Name: food_track_documentsandagreements food_track_documentsandagreements_unique_id_key; Type: CONSTRAINT; Schema: public; Owner: postgres
--

ALTER TABLE ONLY public.food_track_documentsandagreements
    ADD CONSTRAINT food_track_documentsandagreements_unique_id_key UNIQUE (unique_id);


--
-- Name: food_track_driver food_track_driver_email_key; Type: CONSTRAINT; Schema: public; Owner: postgres
--

ALTER TABLE ONLY public.food_track_driver
    ADD CONSTRAINT food_track_driver_email_key UNIQUE (email);


--
-- Name: food_track_driver food_track_driver_phone_number_key; Type: CONSTRAINT; Schema: public; Owner: postgres
--

ALTER TABLE ONLY public.food_track_driver
    ADD CONSTRAINT food_track_driver_phone_number_key UNIQUE (phone_number);


--
-- Name: food_track_driver food_track_driver_pkey; Type: CONSTRAINT; Schema: public; Owner: postgres
--

ALTER TABLE ONLY public.food_track_driver
    ADD CONSTRAINT food_track_driver_pkey PRIMARY KEY (id);


--
-- Name: food_track_driver food_track_driver_unique_id_key; Type: CONSTRAINT; Schema: public; Owner: postgres
--

ALTER TABLE ONLY public.food_track_driver
    ADD CONSTRAINT food_track_driver_unique_id_key UNIQUE (unique_id);


--
-- Name: food_track_mission food_track_mission_mission_id_key; Type: CONSTRAINT; Schema: public; Owner: postgres
--

ALTER TABLE ONLY public.food_track_mission
    ADD CONSTRAINT food_track_mission_mission_id_key UNIQUE (mission_id);


--
-- Name: food_track_mission food_track_mission_pkey; Type: CONSTRAINT; Schema: public; Owner: postgres
--

ALTER TABLE ONLY public.food_track_mission
    ADD CONSTRAINT food_track_mission_pkey PRIMARY KEY (id);


--
-- Name: food_track_operationregion food_track_operationregion_pkey; Type: CONSTRAINT; Schema: public; Owner: postgres
--

ALTER TABLE ONLY public.food_track_operationregion
    ADD CONSTRAINT food_track_operationregion_pkey PRIMARY KEY (id);


--
-- Name: food_track_operationregion food_track_operationregion_unique_id_key; Type: CONSTRAINT; Schema: public; Owner: postgres
--

ALTER TABLE ONLY public.food_track_operationregion
    ADD CONSTRAINT food_track_operationregion_unique_id_key UNIQUE (unique_id);


--
-- Name: food_track_product food_track_product_pkey; Type: CONSTRAINT; Schema: public; Owner: postgres
--

ALTER TABLE ONLY public.food_track_product
    ADD CONSTRAINT food_track_product_pkey PRIMARY KEY (id);


--
-- Name: food_track_product food_track_product_unique_id_key; Type: CONSTRAINT; Schema: public; Owner: postgres
--

ALTER TABLE ONLY public.food_track_product
    ADD CONSTRAINT food_track_product_unique_id_key UNIQUE (unique_id);


--
-- Name: food_track_region food_track_region_pkey; Type: CONSTRAINT; Schema: public; Owner: postgres
--

ALTER TABLE ONLY public.food_track_region
    ADD CONSTRAINT food_track_region_pkey PRIMARY KEY (id);


--
-- Name: food_track_region food_track_region_region_name_key; Type: CONSTRAINT; Schema: public; Owner: postgres
--

ALTER TABLE ONLY public.food_track_region
    ADD CONSTRAINT food_track_region_region_name_key UNIQUE (region_name);


--
-- Name: food_track_region food_track_region_unique_id_key; Type: CONSTRAINT; Schema: public; Owner: postgres
--

ALTER TABLE ONLY public.food_track_region
    ADD CONSTRAINT food_track_region_unique_id_key UNIQUE (unique_id);


--
-- Name: food_track_truck food_track_truck_pkey; Type: CONSTRAINT; Schema: public; Owner: postgres
--

ALTER TABLE ONLY public.food_track_truck
    ADD CONSTRAINT food_track_truck_pkey PRIMARY KEY (id);


--
-- Name: food_track_truck food_track_truck_unique_id_key; Type: CONSTRAINT; Schema: public; Owner: postgres
--

ALTER TABLE ONLY public.food_track_truck
    ADD CONSTRAINT food_track_truck_unique_id_key UNIQUE (unique_id);


--
-- Name: food_track_trucksformission food_track_trucksformission_pkey; Type: CONSTRAINT; Schema: public; Owner: postgres
--

ALTER TABLE ONLY public.food_track_trucksformission
    ADD CONSTRAINT food_track_trucksformission_pkey PRIMARY KEY (id);


--
-- Name: food_track_trucksformission food_track_trucksformission_unique_id_key; Type: CONSTRAINT; Schema: public; Owner: postgres
--

ALTER TABLE ONLY public.food_track_trucksformission
    ADD CONSTRAINT food_track_trucksformission_unique_id_key UNIQUE (unique_id);


--
-- Name: food_track_vendor food_track_vendor_pkey; Type: CONSTRAINT; Schema: public; Owner: postgres
--

ALTER TABLE ONLY public.food_track_vendor
    ADD CONSTRAINT food_track_vendor_pkey PRIMARY KEY (id);


--
-- Name: food_track_vendor food_track_vendor_reg_no_key; Type: CONSTRAINT; Schema: public; Owner: postgres
--

ALTER TABLE ONLY public.food_track_vendor
    ADD CONSTRAINT food_track_vendor_reg_no_key UNIQUE (reg_no);


--
-- Name: food_track_vendor food_track_vendor_unique_id_key; Type: CONSTRAINT; Schema: public; Owner: postgres
--

ALTER TABLE ONLY public.food_track_vendor
    ADD CONSTRAINT food_track_vendor_unique_id_key UNIQUE (unique_id);


--
-- Name: food_track_vendormission food_track_vendormission_pkey; Type: CONSTRAINT; Schema: public; Owner: postgres
--

ALTER TABLE ONLY public.food_track_vendormission
    ADD CONSTRAINT food_track_vendormission_pkey PRIMARY KEY (id);


--
-- Name: food_track_vendormission food_track_vendormission_unique_id_key; Type: CONSTRAINT; Schema: public; Owner: postgres
--

ALTER TABLE ONLY public.food_track_vendormission
    ADD CONSTRAINT food_track_vendormission_unique_id_key UNIQUE (unique_id);


--
-- Name: auth_group_name_a6ea08ec_like; Type: INDEX; Schema: public; Owner: postgres
--

CREATE INDEX auth_group_name_a6ea08ec_like ON public.auth_group USING btree (name varchar_pattern_ops);


--
-- Name: auth_group_permissions_group_id_b120cbf9; Type: INDEX; Schema: public; Owner: postgres
--

CREATE INDEX auth_group_permissions_group_id_b120cbf9 ON public.auth_group_permissions USING btree (group_id);


--
-- Name: auth_group_permissions_permission_id_84c5c92e; Type: INDEX; Schema: public; Owner: postgres
--

CREATE INDEX auth_group_permissions_permission_id_84c5c92e ON public.auth_group_permissions USING btree (permission_id);


--
-- Name: auth_permission_content_type_id_2f476e4b; Type: INDEX; Schema: public; Owner: postgres
--

CREATE INDEX auth_permission_content_type_id_2f476e4b ON public.auth_permission USING btree (content_type_id);


--
-- Name: auth_user_groups_group_id_97559544; Type: INDEX; Schema: public; Owner: postgres
--

CREATE INDEX auth_user_groups_group_id_97559544 ON public.auth_user_groups USING btree (group_id);


--
-- Name: auth_user_groups_user_id_6a12ed8b; Type: INDEX; Schema: public; Owner: postgres
--

CREATE INDEX auth_user_groups_user_id_6a12ed8b ON public.auth_user_groups USING btree (user_id);


--
-- Name: auth_user_user_permissions_permission_id_1fbb5f2c; Type: INDEX; Schema: public; Owner: postgres
--

CREATE INDEX auth_user_user_permissions_permission_id_1fbb5f2c ON public.auth_user_user_permissions USING btree (permission_id);


--
-- Name: auth_user_user_permissions_user_id_a95ead1b; Type: INDEX; Schema: public; Owner: postgres
--

CREATE INDEX auth_user_user_permissions_user_id_a95ead1b ON public.auth_user_user_permissions USING btree (user_id);


--
-- Name: auth_user_username_6821ab7c_like; Type: INDEX; Schema: public; Owner: postgres
--

CREATE INDEX auth_user_username_6821ab7c_like ON public.auth_user USING btree (username varchar_pattern_ops);


--
-- Name: django_admin_log_content_type_id_c4bce8eb; Type: INDEX; Schema: public; Owner: postgres
--

CREATE INDEX django_admin_log_content_type_id_c4bce8eb ON public.django_admin_log USING btree (content_type_id);


--
-- Name: django_admin_log_user_id_c564eba6; Type: INDEX; Schema: public; Owner: postgres
--

CREATE INDEX django_admin_log_user_id_c564eba6 ON public.django_admin_log USING btree (user_id);


--
-- Name: django_session_expire_date_a5c62663; Type: INDEX; Schema: public; Owner: postgres
--

CREATE INDEX django_session_expire_date_a5c62663 ON public.django_session USING btree (expire_date);


--
-- Name: django_session_session_key_c0390e0f_like; Type: INDEX; Schema: public; Owner: postgres
--

CREATE INDEX django_session_session_key_c0390e0f_like ON public.django_session USING btree (session_key varchar_pattern_ops);


--
-- Name: food_track_cargo_mission_id_aef492d4; Type: INDEX; Schema: public; Owner: postgres
--

CREATE INDEX food_track_cargo_mission_id_aef492d4 ON public.food_track_cargo USING btree (mission_id);


--
-- Name: food_track_cargoitems_cargo_id_0da4a08e; Type: INDEX; Schema: public; Owner: postgres
--

CREATE INDEX food_track_cargoitems_cargo_id_0da4a08e ON public.food_track_cargoitems USING btree (cargo_id);


--
-- Name: food_track_cargoitems_product_id_8fea31c5; Type: INDEX; Schema: public; Owner: postgres
--

CREATE INDEX food_track_cargoitems_product_id_8fea31c5 ON public.food_track_cargoitems USING btree (product_id);


--
-- Name: food_track_contact_email_d1208f3a_like; Type: INDEX; Schema: public; Owner: postgres
--

CREATE INDEX food_track_contact_email_d1208f3a_like ON public.food_track_contact USING btree (email varchar_pattern_ops);


--
-- Name: food_track_contact_phone_number_312dc062_like; Type: INDEX; Schema: public; Owner: postgres
--

CREATE INDEX food_track_contact_phone_number_312dc062_like ON public.food_track_contact USING btree (phone_number varchar_pattern_ops);


--
-- Name: food_track_contact_vendor_id_d20e8146; Type: INDEX; Schema: public; Owner: postgres
--

CREATE INDEX food_track_contact_vendor_id_d20e8146 ON public.food_track_contact USING btree (vendor_id);


--
-- Name: food_track_documentsandagreements_vendor_id_9e897984; Type: INDEX; Schema: public; Owner: postgres
--

CREATE INDEX food_track_documentsandagreements_vendor_id_9e897984 ON public.food_track_documentsandagreements USING btree (vendor_id);


--
-- Name: food_track_driver_email_e1e08447_like; Type: INDEX; Schema: public; Owner: postgres
--

CREATE INDEX food_track_driver_email_e1e08447_like ON public.food_track_driver USING btree (email varchar_pattern_ops);


--
-- Name: food_track_driver_phone_number_70882763_like; Type: INDEX; Schema: public; Owner: postgres
--

CREATE INDEX food_track_driver_phone_number_70882763_like ON public.food_track_driver USING btree (phone_number varchar_pattern_ops);


--
-- Name: food_track_driver_vendor_id_69c48e86; Type: INDEX; Schema: public; Owner: postgres
--

CREATE INDEX food_track_driver_vendor_id_69c48e86 ON public.food_track_driver USING btree (vendor_id);


--
-- Name: food_track_operationregion_region_id_e27b809f; Type: INDEX; Schema: public; Owner: postgres
--

CREATE INDEX food_track_operationregion_region_id_e27b809f ON public.food_track_operationregion USING btree (region_id);


--
-- Name: food_track_operationregion_vendor_id_1165bad9; Type: INDEX; Schema: public; Owner: postgres
--

CREATE INDEX food_track_operationregion_vendor_id_1165bad9 ON public.food_track_operationregion USING btree (vendor_id);


--
-- Name: food_track_region_region_name_16470160_like; Type: INDEX; Schema: public; Owner: postgres
--

CREATE INDEX food_track_region_region_name_16470160_like ON public.food_track_region USING btree (region_name varchar_pattern_ops);


--
-- Name: food_track_truck_vendor_id_4f249454; Type: INDEX; Schema: public; Owner: postgres
--

CREATE INDEX food_track_truck_vendor_id_4f249454 ON public.food_track_truck USING btree (vendor_id);


--
-- Name: food_track_trucksformission_mission_id_843d3e8b; Type: INDEX; Schema: public; Owner: postgres
--

CREATE INDEX food_track_trucksformission_mission_id_843d3e8b ON public.food_track_trucksformission USING btree (mission_id);


--
-- Name: food_track_trucksformission_truck_id_5312218a; Type: INDEX; Schema: public; Owner: postgres
--

CREATE INDEX food_track_trucksformission_truck_id_5312218a ON public.food_track_trucksformission USING btree (truck_id);


--
-- Name: food_track_vendor_reg_no_3322112a_like; Type: INDEX; Schema: public; Owner: postgres
--

CREATE INDEX food_track_vendor_reg_no_3322112a_like ON public.food_track_vendor USING btree (reg_no varchar_pattern_ops);


--
-- Name: food_track_vendormission_driver_id_c82be174; Type: INDEX; Schema: public; Owner: postgres
--

CREATE INDEX food_track_vendormission_driver_id_c82be174 ON public.food_track_vendormission USING btree (driver_id);


--
-- Name: food_track_vendormission_mission_id_71e4d2ae; Type: INDEX; Schema: public; Owner: postgres
--

CREATE INDEX food_track_vendormission_mission_id_71e4d2ae ON public.food_track_vendormission USING btree (mission_id);


--
-- Name: food_track_vendormission_vendor_id_bd965f7d; Type: INDEX; Schema: public; Owner: postgres
--

CREATE INDEX food_track_vendormission_vendor_id_bd965f7d ON public.food_track_vendormission USING btree (vendor_id);


--
-- Name: auth_group_permissions auth_group_permissio_permission_id_84c5c92e_fk_auth_perm; Type: FK CONSTRAINT; Schema: public; Owner: postgres
--

ALTER TABLE ONLY public.auth_group_permissions
    ADD CONSTRAINT auth_group_permissio_permission_id_84c5c92e_fk_auth_perm FOREIGN KEY (permission_id) REFERENCES public.auth_permission(id) DEFERRABLE INITIALLY DEFERRED;


--
-- Name: auth_group_permissions auth_group_permissions_group_id_b120cbf9_fk_auth_group_id; Type: FK CONSTRAINT; Schema: public; Owner: postgres
--

ALTER TABLE ONLY public.auth_group_permissions
    ADD CONSTRAINT auth_group_permissions_group_id_b120cbf9_fk_auth_group_id FOREIGN KEY (group_id) REFERENCES public.auth_group(id) DEFERRABLE INITIALLY DEFERRED;


--
-- Name: auth_permission auth_permission_content_type_id_2f476e4b_fk_django_co; Type: FK CONSTRAINT; Schema: public; Owner: postgres
--

ALTER TABLE ONLY public.auth_permission
    ADD CONSTRAINT auth_permission_content_type_id_2f476e4b_fk_django_co FOREIGN KEY (content_type_id) REFERENCES public.django_content_type(id) DEFERRABLE INITIALLY DEFERRED;


--
-- Name: auth_user_groups auth_user_groups_group_id_97559544_fk_auth_group_id; Type: FK CONSTRAINT; Schema: public; Owner: postgres
--

ALTER TABLE ONLY public.auth_user_groups
    ADD CONSTRAINT auth_user_groups_group_id_97559544_fk_auth_group_id FOREIGN KEY (group_id) REFERENCES public.auth_group(id) DEFERRABLE INITIALLY DEFERRED;


--
-- Name: auth_user_groups auth_user_groups_user_id_6a12ed8b_fk_auth_user_id; Type: FK CONSTRAINT; Schema: public; Owner: postgres
--

ALTER TABLE ONLY public.auth_user_groups
    ADD CONSTRAINT auth_user_groups_user_id_6a12ed8b_fk_auth_user_id FOREIGN KEY (user_id) REFERENCES public.auth_user(id) DEFERRABLE INITIALLY DEFERRED;


--
-- Name: auth_user_user_permissions auth_user_user_permi_permission_id_1fbb5f2c_fk_auth_perm; Type: FK CONSTRAINT; Schema: public; Owner: postgres
--

ALTER TABLE ONLY public.auth_user_user_permissions
    ADD CONSTRAINT auth_user_user_permi_permission_id_1fbb5f2c_fk_auth_perm FOREIGN KEY (permission_id) REFERENCES public.auth_permission(id) DEFERRABLE INITIALLY DEFERRED;


--
-- Name: auth_user_user_permissions auth_user_user_permissions_user_id_a95ead1b_fk_auth_user_id; Type: FK CONSTRAINT; Schema: public; Owner: postgres
--

ALTER TABLE ONLY public.auth_user_user_permissions
    ADD CONSTRAINT auth_user_user_permissions_user_id_a95ead1b_fk_auth_user_id FOREIGN KEY (user_id) REFERENCES public.auth_user(id) DEFERRABLE INITIALLY DEFERRED;


--
-- Name: django_admin_log django_admin_log_content_type_id_c4bce8eb_fk_django_co; Type: FK CONSTRAINT; Schema: public; Owner: postgres
--

ALTER TABLE ONLY public.django_admin_log
    ADD CONSTRAINT django_admin_log_content_type_id_c4bce8eb_fk_django_co FOREIGN KEY (content_type_id) REFERENCES public.django_content_type(id) DEFERRABLE INITIALLY DEFERRED;


--
-- Name: django_admin_log django_admin_log_user_id_c564eba6_fk_auth_user_id; Type: FK CONSTRAINT; Schema: public; Owner: postgres
--

ALTER TABLE ONLY public.django_admin_log
    ADD CONSTRAINT django_admin_log_user_id_c564eba6_fk_auth_user_id FOREIGN KEY (user_id) REFERENCES public.auth_user(id) DEFERRABLE INITIALLY DEFERRED;


--
-- Name: food_track_cargo food_track_cargo_mission_id_aef492d4_fk_food_track_mission_id; Type: FK CONSTRAINT; Schema: public; Owner: postgres
--

ALTER TABLE ONLY public.food_track_cargo
    ADD CONSTRAINT food_track_cargo_mission_id_aef492d4_fk_food_track_mission_id FOREIGN KEY (mission_id) REFERENCES public.food_track_mission(id) DEFERRABLE INITIALLY DEFERRED;


--
-- Name: food_track_cargoitems food_track_cargoitem_product_id_8fea31c5_fk_food_trac; Type: FK CONSTRAINT; Schema: public; Owner: postgres
--

ALTER TABLE ONLY public.food_track_cargoitems
    ADD CONSTRAINT food_track_cargoitem_product_id_8fea31c5_fk_food_trac FOREIGN KEY (product_id) REFERENCES public.food_track_product(id) DEFERRABLE INITIALLY DEFERRED;


--
-- Name: food_track_cargoitems food_track_cargoitems_cargo_id_0da4a08e_fk_food_track_cargo_id; Type: FK CONSTRAINT; Schema: public; Owner: postgres
--

ALTER TABLE ONLY public.food_track_cargoitems
    ADD CONSTRAINT food_track_cargoitems_cargo_id_0da4a08e_fk_food_track_cargo_id FOREIGN KEY (cargo_id) REFERENCES public.food_track_cargo(id) DEFERRABLE INITIALLY DEFERRED;


--
-- Name: food_track_contact food_track_contact_vendor_id_d20e8146_fk_food_track_vendor_id; Type: FK CONSTRAINT; Schema: public; Owner: postgres
--

ALTER TABLE ONLY public.food_track_contact
    ADD CONSTRAINT food_track_contact_vendor_id_d20e8146_fk_food_track_vendor_id FOREIGN KEY (vendor_id) REFERENCES public.food_track_vendor(id) DEFERRABLE INITIALLY DEFERRED;


--
-- Name: food_track_documentsandagreements food_track_documents_vendor_id_9e897984_fk_food_trac; Type: FK CONSTRAINT; Schema: public; Owner: postgres
--

ALTER TABLE ONLY public.food_track_documentsandagreements
    ADD CONSTRAINT food_track_documents_vendor_id_9e897984_fk_food_trac FOREIGN KEY (vendor_id) REFERENCES public.food_track_vendor(id) DEFERRABLE INITIALLY DEFERRED;


--
-- Name: food_track_driver food_track_driver_vendor_id_69c48e86_fk_food_track_vendor_id; Type: FK CONSTRAINT; Schema: public; Owner: postgres
--

ALTER TABLE ONLY public.food_track_driver
    ADD CONSTRAINT food_track_driver_vendor_id_69c48e86_fk_food_track_vendor_id FOREIGN KEY (vendor_id) REFERENCES public.food_track_vendor(id) DEFERRABLE INITIALLY DEFERRED;


--
-- Name: food_track_operationregion food_track_operation_region_id_e27b809f_fk_food_trac; Type: FK CONSTRAINT; Schema: public; Owner: postgres
--

ALTER TABLE ONLY public.food_track_operationregion
    ADD CONSTRAINT food_track_operation_region_id_e27b809f_fk_food_trac FOREIGN KEY (region_id) REFERENCES public.food_track_region(id) DEFERRABLE INITIALLY DEFERRED;


--
-- Name: food_track_operationregion food_track_operation_vendor_id_1165bad9_fk_food_trac; Type: FK CONSTRAINT; Schema: public; Owner: postgres
--

ALTER TABLE ONLY public.food_track_operationregion
    ADD CONSTRAINT food_track_operation_vendor_id_1165bad9_fk_food_trac FOREIGN KEY (vendor_id) REFERENCES public.food_track_vendor(id) DEFERRABLE INITIALLY DEFERRED;


--
-- Name: food_track_truck food_track_truck_vendor_id_4f249454_fk_food_track_vendor_id; Type: FK CONSTRAINT; Schema: public; Owner: postgres
--

ALTER TABLE ONLY public.food_track_truck
    ADD CONSTRAINT food_track_truck_vendor_id_4f249454_fk_food_track_vendor_id FOREIGN KEY (vendor_id) REFERENCES public.food_track_vendor(id) DEFERRABLE INITIALLY DEFERRED;


--
-- Name: food_track_trucksformission food_track_trucksfor_mission_id_843d3e8b_fk_food_trac; Type: FK CONSTRAINT; Schema: public; Owner: postgres
--

ALTER TABLE ONLY public.food_track_trucksformission
    ADD CONSTRAINT food_track_trucksfor_mission_id_843d3e8b_fk_food_trac FOREIGN KEY (mission_id) REFERENCES public.food_track_mission(id) DEFERRABLE INITIALLY DEFERRED;


--
-- Name: food_track_trucksformission food_track_trucksfor_truck_id_5312218a_fk_food_trac; Type: FK CONSTRAINT; Schema: public; Owner: postgres
--

ALTER TABLE ONLY public.food_track_trucksformission
    ADD CONSTRAINT food_track_trucksfor_truck_id_5312218a_fk_food_trac FOREIGN KEY (truck_id) REFERENCES public.food_track_truck(id) DEFERRABLE INITIALLY DEFERRED;


--
-- Name: food_track_vendormission food_track_vendormis_driver_id_c82be174_fk_food_trac; Type: FK CONSTRAINT; Schema: public; Owner: postgres
--

ALTER TABLE ONLY public.food_track_vendormission
    ADD CONSTRAINT food_track_vendormis_driver_id_c82be174_fk_food_trac FOREIGN KEY (driver_id) REFERENCES public.food_track_driver(id) DEFERRABLE INITIALLY DEFERRED;


--
-- Name: food_track_vendormission food_track_vendormis_mission_id_71e4d2ae_fk_food_trac; Type: FK CONSTRAINT; Schema: public; Owner: postgres
--

ALTER TABLE ONLY public.food_track_vendormission
    ADD CONSTRAINT food_track_vendormis_mission_id_71e4d2ae_fk_food_trac FOREIGN KEY (mission_id) REFERENCES public.food_track_mission(id) DEFERRABLE INITIALLY DEFERRED;


--
-- Name: food_track_vendormission food_track_vendormis_vendor_id_bd965f7d_fk_food_trac; Type: FK CONSTRAINT; Schema: public; Owner: postgres
--

ALTER TABLE ONLY public.food_track_vendormission
    ADD CONSTRAINT food_track_vendormis_vendor_id_bd965f7d_fk_food_trac FOREIGN KEY (vendor_id) REFERENCES public.food_track_vendor(id) DEFERRABLE INITIALLY DEFERRED;


--
-- PostgreSQL database dump complete
--

